000568.SZ,000858.SZ,002007.SZ,002032.SZ,0388.HK,0700.HK,1093.HK,1169.HK,1177.HK,2269.HK,300015.SZ,600009.SH,600161.SH,600519.SH,600809.SH
65.78,80.58,28.1,40.71,250.2,417.8,16.4,22.2,13.8,44.1,30.42,44.4,30.03,703.85,56.34
66.4,80.9,28.9,41.1,249.2,422.2,17.2,22.15,13.9,44.45,30.25,44.05,30.04,715.86,56.67
68.75,82.99,28.99,41.35,254.6,431.8,17.6,22.5,14.14,48.0,29.67,44.1,30.09,737.07,58.91
68.05,82.68,28.6,41.11,253.2,433.2,17.46,22.45,13.8,50.4,31.5,44.15,29.76,738.36,58.45
68.45,82.2,28.47,40.59,262.0,438.6,17.76,23.45,14.1,49.25,33.63,43.03,29.44,752.13,57.36
70.3,86.1,28.66,40.63,269.0,443.8,18.0,24.25,14.9,50.65,33.4,43.76,30.06,782.52,59.16
70.93,88.9,28.79,39.87,271.8,440.4,17.98,24.8,14.6,53.15,33.9,43.8,29.92,785.71,59.1
70.14,87.96,28.52,39.63,268.4,429.4,18.68,25.05,14.56,51.4,33.89,43.44,30.0,774.81,58.91
71.02,91.37,28.0,39.97,274.8,442.2,18.46,25.05,15.38,53.35,34.11,43.94,29.6,788.42,59.3
72.78,91.75,27.67,41.58,272.4,433.2,17.74,25.6,14.86,55.0,33.45,45.65,29.63,785.37,61.31
73.37,90.82,27.38,42.45,288.4,444.2,18.12,26.15,14.84,54.45,35.45,45.96,29.15,772.94,63.5
70.07,86.01,27.61,41.78,295.6,449.0,17.76,26.3,14.8,52.2,35.26,45.38,28.73,747.93,61.47
70.15,86.4,27.42,43.0,297.6,447.8,17.44,27.0,14.08,50.75,35.97,45.0,28.5,750.74,65.16
67.89,85.17,27.44,42.06,294.8,452.4,17.78,26.5,14.86,51.05,35.1,44.61,28.34,750.18,65.42
70.9,90.42,27.32,45.0,301.0,460.0,18.22,27.6,15.52,52.75,35.0,44.91,29.22,773.64,65.42
70.52,89.71,27.3,46.6,303.4,474.6,18.32,28.05,15.58,52.75,35.59,47.02,28.88,773.78,65.42
68.75,87.35,27.24,46.26,301.4,469.0,18.14,27.05,15.46,52.7,36.33,47.09,29.26,764.46,65.42
68.61,86.0,27.2,45.39,293.0,458.0,17.66,28.6,15.28,51.75,35.79,46.67,29.1,769.16,65.42
68.99,86.84,27.48,45.83,297.4,471.2,17.16,28.15,15.22,53.9,35.3,46.88,29.34,777.22,65.42
65.8,82.08,27.65,43.76,292.2,471.6,16.78,26.8,14.94,56.8,34.9,45.68,29.52,736.32,65.42
65.09,81.4,27.74,42.5,288.0,461.8,16.96,26.75,14.86,53.25,34.77,46.13,29.6,742.08,65.42
65.31,84.38,27.02,43.6,296.4,463.6,17.36,26.8,14.42,53.85,34.98,46.89,28.65,764.54,65.42
63.01,82.98,26.59,43.87,290.8,460.0,17.06,26.8,14.24,53.25,34.6,47.68,27.57,757.73,65.42
63.4,82.28,26.12,44.15,289.0,452.4,17.3,26.8,14.84,54.35,34.51,48.78,26.98,740.4,65.42
59.48,77.87,25.4,44.2,286.2,441.0,16.8,26.65,14.4,51.35,33.6,48.6,26.1,718.23,58.88
59.24,76.44,25.37,42.0,266.8,410.0,15.86,25.7,13.26,48.2,31.5,47.99,24.44,708.86,52.99
55.68,71.02,25.18,41.32,267.8,414.8,15.7,25.65,13.18,47.85,32.6,47.71,24.72,683.43,52.15
56.45,72.02,25.29,41.89,271.0,420.2,16.02,25.95,13.66,47.85,32.5,46.01,25.04,700.99,53.56
55.45,71.2,24.93,40.37,258.2,407.4,15.62,24.65,12.96,48.95,31.47,44.22,24.14,683.43,54.35
58.59,74.4,25.34,41.61,258.0,409.6,16.64,26.3,13.7,48.9,33.69,43.43,24.82,697.48,57.37
58.18,75.1,25.3,42.4,266.0,422.4,16.9,26.1,14.04,50.0,33.75,43.77,24.99,711.98,58.78
59.3,76.6,25.55,43.18,272.8,433.6,17.26,26.65,13.9,50.05,35.1,43.82,25.14,718.45,58.47
62.4,80.1,25.62,43.64,280.0,446.4,17.74,27.4,13.96,50.1,35.61,46.63,25.62,742.45,58.91
61.86,79.64,25.88,43.14,285.8,453.4,17.52,27.4,14.3,51.65,35.06,46.86,25.63,742.48,57.93
61.55,78.52,26.44,45.2,295.8,453.0,18.1,28.25,15.02,54.0,37.16,49.69,26.56,743.51,56.84
60.09,76.1,26.71,43.64,289.8,446.0,17.72,27.4,14.78,52.6,36.61,49.68,26.45,737.98,56.3
58.41,74.28,26.86,43.89,284.0,432.2,18.08,26.85,14.82,54.5,36.3,48.87,26.9,725.62,54.8
59.46,74.32,27.08,44.26,291.6,447.0,18.0,27.7,14.76,53.6,37.13,49.33,27.05,741.97,55.98
59.69,73.42,27.29,43.78,285.8,436.0,17.74,26.85,14.4,54.3,36.81,50.35,26.63,736.41,55.56
57.7,72.09,27.75,42.53,277.2,425.0,17.24,25.8,14.0,58.5,37.24,50.22,26.61,720.11,54.24
57.88,73.24,28.39,44.44,283.0,438.6,17.5,26.4,14.22,58.75,38.28,49.16,27.59,718.26,54.94
58.0,73.28,27.95,43.5,278.0,434.2,17.74,25.95,14.38,61.9,38.35,49.22,27.23,710.04,56.75
59.34,76.9,28.47,43.7,283.0,443.0,18.66,26.85,15.26,65.05,40.08,49.64,27.81,722.76,56.82
59.82,77.1,28.41,45.04,284.2,447.0,19.06,27.3,15.36,64.05,39.9,50.83,28.16,728.2,57.42
59.06,76.15,28.48,44.8,292.2,460.0,19.5,28.05,15.6,65.75,39.87,50.09,28.26,723.95,56.12
58.04,74.61,27.91,43.16,291.0,462.8,19.38,27.65,15.22,64.15,38.88,50.54,27.65,710.35,55.04
60.25,75.55,28.23,43.44,289.0,463.6,19.2,27.9,15.22,66.65,38.84,49.84,27.61,726.88,55.8
61.8,78.0,27.46,43.44,289.6,468.6,19.84,27.9,15.5,71.0,38.87,50.0,27.21,746.47,58.6
60.78,76.87,27.42,42.3,282.0,465.2,20.05,28.75,15.28,70.0,39.56,49.34,27.41,739.85,58.38
60.96,77.71,28.2,42.2,277.0,461.8,20.2,29.0,15.52,71.2,40.26,50.14,27.88,753.48,59.39
59.92,75.65,28.51,41.7,274.0,466.6,22.5,29.2,16.6,75.7,41.59,49.99,28.61,747.73,59.2
59.7,74.52,28.2,41.18,269.2,462.6,21.65,28.25,16.2,75.05,41.17,49.99,27.97,742.0,57.54
57.26,72.13,27.92,40.56,264.0,439.4,21.5,29.0,16.12,72.9,41.17,50.79,27.61,726.08,57.94
56.95,71.37,27.9,38.3,256.8,420.0,21.0,27.95,15.38,70.9,40.09,50.78,25.82,711.06,55.94
56.63,69.99,28.62,39.0,260.2,426.6,21.8,27.75,15.62,74.0,42.16,50.03,27.52,713.49,56.77
55.75,68.47,30.0,39.26,263.4,432.2,21.95,27.65,15.92,80.6,43.2,49.32,28.49,714.74,56.0
52.81,64.74,30.02,38.07,255.2,412.2,20.8,26.75,15.52,75.0,41.87,49.25,28.5,682.05,53.2
56.69,67.5,29.45,39.09,255.2,409.6,20.85,27.95,15.4,75.45,40.01,47.65,28.4,689.1,54.82
56.75,66.36,30.07,39.09,,,,,,,41.18,48.84,28.91,683.62,54.97
57.97,66.43,29.73,43.0,,,,,,,40.35,49.3,29.24,680.06,52.9
59.63,67.12,29.99,43.31,252.8,409.4,21.35,27.55,15.8,78.2,40.28,47.99,29.24,677.91,54.31
60.71,69.9,29.94,43.32,249.0,397.6,22.05,26.9,16.02,83.1,38.9,47.86,28.98,694.01,58.12
61.34,69.75,30.7,44.7,255.4,410.0,22.35,28.3,16.88,83.3,40.98,47.25,28.58,698.3,58.19
61.56,70.38,30.4,45.17,260.8,417.2,21.95,28.7,16.76,83.0,42.38,48.24,28.19,708.02,58.0
61.16,70.31,30.7,45.41,264.6,419.6,21.5,28.35,16.7,85.1,42.37,48.1,28.32,705.36,56.64
61.89,69.2,31.18,45.37,265.4,413.2,21.7,27.7,17.0,82.1,42.8,48.06,28.74,694.2,57.27
60.41,67.98,30.8,45.1,264.2,408.0,20.75,27.4,16.42,79.1,42.27,47.29,27.77,686.86,56.41
61.37,67.97,30.57,44.88,258.8,403.0,20.85,28.0,16.34,78.6,42.15,45.86,27.39,681.38,54.86
59.77,67.0,29.94,45.09,255.4,397.2,20.15,27.6,15.42,74.0,40.68,44.55,26.56,666.2,53.9
58.44,66.33,30.17,44.4,255.8,400.0,20.3,27.15,15.68,73.3,40.8,44.37,26.84,655.64,53.4
60.68,70.37,30.4,44.66,260.4,405.8,20.6,26.0,16.1,76.2,41.95,45.09,27.03,679.96,54.1
60.49,69.63,29.98,44.24,260.2,400.2,20.25,26.45,15.72,76.5,42.6,45.41,26.08,670.26,53.77
59.35,69.69,27.75,45.6,258.8,394.0,19.62,25.95,15.58,71.7,42.95,45.27,25.83,674.01,53.47
62.67,72.43,28.14,48.53,262.0,396.6,20.35,26.7,15.92,72.4,43.38,46.27,26.48,689.88,55.56
62.79,72.34,28.99,48.04,259.0,386.8,20.8,27.2,16.78,75.45,45.55,46.96,26.9,690.97,55.83
60.13,69.1,28.88,47.21,254.0,382.2,20.35,26.85,16.6,72.8,44.4,47.0,26.19,678.23,54.3
60.23,67.98,28.58,48.71,252.4,388.4,20.35,26.7,16.8,72.4,47.0,49.79,27.04,662.53,53.19
59.51,71.22,29.6,52.2,259.2,393.4,20.1,26.6,16.18,71.55,46.47,50.88,27.89,667.83,54.19
60.45,73.8,29.2,51.33,257.2,385.0,19.92,25.75,16.54,70.4,45.8,51.0,27.67,670.88,55.44
60.62,72.9,29.93,50.7,254.4,382.8,20.3,26.25,17.12,70.0,45.98,51.17,28.01,662.87,55.88
64.3,76.0,30.06,50.8,252.0,380.0,21.5,26.75,17.58,70.5,46.2,51.58,28.03,698.17,59.55
64.51,76.04,30.26,51.05,256.2,390.6,21.4,26.55,17.86,75.25,45.5,51.9,28.08,708.83,59.65
65.45,76.25,31.02,50.37,257.0,394.6,21.4,26.5,18.66,76.15,45.11,52.99,27.87,701.95,60.99
66.05,77.98,33.08,50.14,258.2,406.2,21.25,26.5,18.38,75.8,47.76,55.01,30.04,714.19,61.67
64.9,77.06,33.31,49.51,262.0,408.8,21.1,27.25,18.44,76.9,46.05,52.59,28.89,718.02,60.28
66.98,78.32,34.97,50.44,265.6,411.8,22.0,27.1,19.16,79.2,45.97,52.9,29.26,742.41,62.27
66.5,79.38,35.19,49.52,261.2,398.0,22.95,27.25,19.36,81.65,46.45,53.47,29.28,743.06,62.68
66.9,79.17,35.4,52.19,260.2,396.2,22.8,27.3,19.08,83.3,47.44,53.86,30.3,734.52,62.44
64.94,77.07,35.28,50.21,259.0,411.0,23.35,27.0,19.1,82.4,46.81,52.35,29.64,727.38,59.7
65.95,77.59,35.24,50.46,259.4,411.0,23.75,27.05,19.04,80.0,48.5,53.99,29.45,739.32,59.5
65.87,77.18,34.9,51.05,262.4,408.0,23.8,27.15,18.28,77.85,48.68,53.14,29.8,734.82,59.41
66.86,77.65,36.99,50.98,,,,,,,50.16,52.95,30.3,739.57,59.9
64.93,76.44,36.58,50.18,259.4,407.0,23.3,27.0,18.48,79.25,49.49,52.48,29.29,723.78,58.91
64.65,74.02,36.37,49.62,260.4,407.0,23.5,26.7,18.84,80.1,33.3,52.49,29.33,715.4,58.29
66.05,74.3,36.73,48.37,260.0,404.0,25.1,26.6,19.46,82.75,33.5,52.48,29.1,716.86,59.06
68.45,77.45,36.8,49.02,260.2,405.2,26.05,26.85,20.4,84.95,34.44,52.19,30.0,740.4,61.88
67.46,76.34,34.41,48.71,257.6,402.0,24.75,27.15,19.2,83.95,31.14,53.86,28.75,731.43,59.77
67.22,76.8,34.72,50.3,252.4,395.0,24.35,27.5,19.3,87.0,30.76,52.39,28.34,725.87,60.54
69.1,78.98,36.09,51.68,253.8,399.2,24.55,28.2,19.84,87.95,33.0,53.87,28.93,751.13,64.45
67.68,78.62,35.1,53.99,253.8,404.0,24.75,28.35,19.44,90.65,32.12,52.7,27.28,745.11,62.13
69.54,81.8,35.06,55.02,257.8,415.0,25.55,28.35,13.16,95.55,31.72,54.97,27.0,781.97,65.48
69.81,82.8,36.21,55.66,258.0,420.0,26.0,28.5,13.12,95.25,32.6,54.92,27.86,788.05,67.11
69.28,82.11,36.2,55.4,258.6,425.0,25.65,29.75,13.12,95.2,32.38,57.11,27.98,785.75,66.38
68.1,80.85,35.07,54.15,263.4,429.2,24.9,29.85,12.46,95.1,30.94,56.92,27.36,780.97,65.07
68.29,80.39,35.08,54.3,260.0,415.0,24.4,29.25,12.56,95.7,31.59,57.29,27.49,777.95,64.79
68.12,82.48,34.72,52.68,261.2,419.0,24.4,28.7,12.68,91.95,31.04,55.87,26.88,775.73,63.47
70.0,86.0,35.21,56.0,260.6,417.4,25.65,29.0,13.32,93.25,30.87,59.34,27.11,799.19,66.61
69.65,85.47,33.47,55.0,257.6,415.2,24.95,28.95,12.94,88.5,30.86,59.97,26.45,790.33,66.05
67.19,84.41,32.96,54.99,255.6,412.0,24.6,29.0,12.88,86.4,30.12,59.53,26.58,786.13,64.9
67.23,83.25,32.4,53.28,255.4,410.0,24.05,28.8,12.7,87.9,29.95,59.13,26.24,773.33,64.03
65.29,79.88,32.2,53.99,247.8,396.8,23.4,27.05,12.24,84.55,29.76,58.29,25.47,738.0,59.73
66.97,82.06,32.86,52.7,248.2,400.2,23.8,27.7,12.56,84.5,32.07,56.36,25.92,763.59,62.51
65.61,80.88,32.0,53.02,244.0,396.8,23.75,27.25,12.46,86.7,32.25,57.03,25.91,759.32,62.65
66.05,80.18,32.08,52.88,242.2,397.4,23.65,27.65,12.22,89.75,32.47,56.58,20.1,766.53,61.72
66.5,82.11,32.21,52.5,239.2,388.8,23.15,27.25,11.76,86.8,33.22,58.5,20.01,765.56,62.84
64.69,81.48,32.21,52.8,236.8,386.0,23.55,26.8,12.18,86.65,32.9,56.49,19.91,754.8,63.07
62.65,76.55,31.45,52.0,230.4,377.4,22.3,26.0,11.38,85.9,31.76,55.31,19.56,722.44,61.42
59.28,73.65,30.94,49.2,232.4,379.0,22.55,25.7,11.3,83.25,31.61,54.81,18.89,710.93,60.69
60.86,76.0,32.16,51.5,236.0,393.8,23.7,26.85,12.04,87.35,32.29,55.48,19.35,731.46,62.89
59.61,74.28,31.98,50.89,,,,,,,32.3,55.32,19.14,711.55,64.72
57.47,72.38,32.62,51.38,233.2,390.8,23.15,25.55,11.74,83.0,31.29,53.12,19.13,694.92,61.31
55.77,70.7,34.6,50.14,229.6,383.0,21.25,24.35,11.14,78.7,30.16,56.6,19.23,690.91,61.9
55.16,70.82,34.09,48.98,227.4,385.6,21.4,24.0,10.94,74.5,29.78,57.38,18.57,702.39,60.64
55.34,70.62,33.45,48.52,228.8,386.6,21.9,24.2,11.24,77.65,30.27,55.89,18.29,714.12,60.19
58.15,73.54,34.97,49.9,233.0,396.0,22.9,24.75,11.84,80.75,31.77,57.04,18.68,727.24,61.33
58.83,73.37,34.78,48.9,234.0,386.8,22.2,24.35,11.94,76.05,32.0,60.18,18.95,725.76,60.77
57.42,72.08,34.58,47.06,231.8,379.4,22.3,24.15,11.78,76.45,32.15,59.95,18.74,719.58,59.71
59.46,73.9,35.0,50.14,233.4,380.0,22.7,23.85,12.12,79.9,32.99,60.05,19.34,737.54,61.07
60.49,75.75,35.01,53.3,234.2,381.0,22.85,24.3,12.2,82.45,33.64,61.73,19.83,746.99,63.93
58.72,75.42,36.64,52.8,233.8,381.4,22.65,24.75,12.28,82.35,35.66,62.53,19.84,754.68,64.55
57.47,74.04,35.81,51.75,232.0,375.8,21.8,24.65,11.92,78.45,34.83,62.28,19.79,742.43,64.47
56.18,73.31,35.35,51.09,233.4,378.0,22.3,24.9,12.22,79.1,34.91,62.76,19.85,737.44,64.31
56.19,73.38,34.56,49.98,232.4,375.6,22.25,24.7,11.82,77.75,34.0,61.22,19.47,740.95,62.49
56.37,73.43,34.77,50.72,234.2,376.6,22.3,24.65,11.66,78.4,33.76,61.83,19.64,741.13,62.37
55.23,72.12,31.32,53.15,234.0,371.0,21.45,24.35,11.38,80.15,33.25,61.83,19.2,732.07,60.47
57.46,75.03,32.42,52.34,237.2,375.2,21.0,24.45,11.06,77.95,33.2,61.42,20.08,745.4,63.28
57.03,75.0,35.66,54.2,239.0,379.8,21.65,25.15,11.26,80.25,34.26,62.69,20.29,743.81,62.39
56.16,74.19,36.29,52.76,237.4,374.8,21.55,24.15,11.52,81.25,33.98,62.46,19.93,735.62,61.56
56.2,74.19,35.45,52.1,236.8,373.0,21.35,23.9,11.4,85.45,33.7,61.7,19.69,738.56,61.57
55.15,72.6,34.48,54.44,235.2,367.2,20.8,23.6,11.06,84.55,32.8,60.4,19.08,719.21,60.56
54.93,72.15,33.52,54.1,231.6,355.2,20.5,22.9,10.72,79.8,33.42,60.27,18.93,726.44,60.97
53.41,70.02,33.0,51.92,229.2,355.0,20.95,23.4,10.84,79.1,33.16,61.69,18.83,714.94,60.05
50.9,67.92,33.75,51.7,224.2,345.0,20.5,23.0,10.78,76.7,33.12,62.08,18.15,695.84,55.08
48.68,65.67,31.8,51.25,224.0,349.8,19.66,22.2,10.32,73.7,31.94,59.68,17.85,678.99,52.68
48.34,64.34,30.17,50.15,224.0,353.0,18.98,21.9,9.64,73.05,30.24,54.95,17.49,669.68,50.89
49.24,66.48,31.55,50.19,226.8,357.0,19.7,22.15,10.08,75.0,31.23,56.01,17.77,686.28,52.87
46.95,64.44,30.55,48.68,229.0,364.0,19.94,21.55,10.26,75.4,30.01,57.58,17.22,676.22,50.0
48.79,66.36,32.25,49.8,232.2,372.6,20.2,22.25,10.46,75.75,31.53,58.21,17.73,691.88,51.63
49.07,66.05,32.45,51.42,230.2,370.0,19.86,22.25,10.36,76.7,32.35,58.8,17.85,687.18,52.32
47.9,64.41,32.94,51.38,227.6,361.0,20.0,21.75,10.78,79.0,32.73,60.23,18.14,679.22,51.5
48.62,65.1,33.28,49.91,224.2,348.6,19.26,21.55,10.2,79.15,32.5,58.08,17.91,680.13,51.62
46.62,63.33,31.83,50.1,220.4,336.0,18.64,20.15,9.52,74.1,30.82,58.03,17.55,662.8,49.71
44.45,61.15,32.0,49.04,218.8,325.8,18.5,20.6,9.36,68.45,30.71,56.58,17.57,648.44,47.84
44.11,60.61,31.0,48.01,220.0,337.0,17.62,20.55,9.0,62.5,29.26,56.67,17.26,634.86,47.09
45.1,62.03,29.4,48.34,224.4,350.8,17.82,20.6,8.86,64.65,27.94,54.59,17.25,644.79,45.75
46.88,64.33,30.9,48.6,221.4,350.6,19.58,21.0,9.5,70.5,30.15,58.55,17.66,671.49,47.99
45.96,63.69,30.84,48.37,223.8,359.4,19.22,21.25,9.32,72.5,29.59,58.41,17.52,667.7,47.3
45.86,64.15,30.87,48.02,222.4,359.0,19.88,20.95,9.78,76.45,29.97,56.79,17.64,670.21,47.23
45.25,62.96,32.8,48.14,221.4,354.0,19.92,21.3,10.1,76.3,29.88,57.06,18.18,660.3,47.25
47.17,65.31,36.08,51.86,226.0,361.0,20.65,21.9,10.46,81.2,31.73,57.47,18.73,687.3,48.97
45.59,64.3,35.52,50.61,230.2,365.4,20.45,21.8,10.22,80.35,32.46,55.83,18.73,681.0,48.64
45.46,63.68,35.6,50.6,229.8,360.8,20.25,21.8,10.32,80.05,32.45,54.71,18.68,685.85,48.53
44.65,63.4,35.03,50.57,228.2,357.4,19.9,21.7,9.99,78.65,31.76,54.83,18.48,680.4,48.02
43.09,61.9,34.07,49.97,223.4,340.0,19.8,20.45,9.94,77.5,31.37,54.88,18.49,659.19,47.3
43.14,61.97,35.38,49.35,222.0,332.8,19.6,20.3,9.65,78.0,31.66,54.3,18.35,666.21,46.48
43.3,62.77,34.85,48.52,224.6,338.6,19.94,20.3,9.98,77.5,31.1,54.3,18.44,675.04,47.64
42.08,60.9,34.34,47.51,219.8,324.8,19.42,19.38,9.65,77.1,30.3,53.9,18.06,657.79,46.19
40.8,59.71,34.65,47.49,217.4,314.6,18.92,19.14,9.44,74.05,29.95,53.1,17.78,644.0,44.58
41.06,60.77,35.26,47.8,216.8,316.8,19.22,19.56,9.24,74.5,30.6,53.07,18.05,650.97,45.83
41.13,60.38,35.25,47.11,214.4,313.6,18.88,19.36,8.97,72.95,30.23,53.03,17.88,644.8,45.49
40.92,61.0,34.98,47.28,211.2,308.0,18.5,19.32,8.76,70.05,30.46,54.53,17.64,646.0,45.25
40.83,59.65,35.17,47.0,209.6,308.4,16.7,18.72,7.5,66.55,28.95,54.1,17.91,630.0,43.8
40.31,59.98,33.87,48.58,218.0,323.8,16.36,19.24,7.38,69.9,28.51,53.43,17.32,631.98,43.21
41.38,61.53,33.54,48.32,221.0,330.0,16.84,19.62,7.43,71.0,28.09,54.05,17.28,642.9,43.03
40.43,61.86,32.94,47.05,217.8,319.2,16.14,19.24,7.13,71.15,28.2,52.87,17.0,645.81,42.86
42.41,63.21,33.95,48.61,220.4,318.0,15.96,19.46,7.32,71.5,29.07,53.0,17.37,666.7,43.6
44.35,64.44,34.41,49.99,224.4,321.6,16.46,20.45,7.51,75.45,29.37,54.81,17.88,681.42,44.6
44.86,64.39,34.4,50.39,225.0,324.2,16.58,21.3,7.39,76.35,28.89,54.49,17.75,678.55,44.12
47.31,66.42,35.18,50.66,229.0,334.4,17.18,21.85,7.72,78.3,29.78,56.6,18.02,700.01,45.55
,,,,224.0,327.8,16.66,21.4,7.54,78.05,,,,,
46.17,65.3,34.9,52.04,,,,,,,29.75,56.63,18.31,697.02,45.02
47.03,67.2,35.09,53.76,227.0,330.0,17.12,20.65,7.58,77.4,31.34,58.06,18.58,724.93,47.06
47.56,67.37,37.67,54.07,226.2,325.4,16.86,20.6,7.45,79.35,31.42,58.29,19.28,724.0,47.3
47.51,67.95,37.9,53.98,224.0,323.2,16.62,21.25,7.3,79.15,32.25,58.77,19.29,730.0,47.29
44.51,63.48,36.9,52.6,210.6,299.0,15.18,19.12,6.51,68.6,31.03,55.7,18.91,686.15,43.47
44.51,63.36,37.45,52.07,210.6,293.8,15.3,19.04,6.55,69.5,31.1,53.83,19.42,695.0,42.73
41.7,60.81,35.85,51.0,208.8,286.4,15.64,18.42,6.55,67.95,30.16,54.47,19.48,670.92,40.07
40.98,58.72,34.99,49.66,196.7,267.0,15.08,17.64,6.19,62.4,29.04,52.9,19.0,644.99,37.25
43.65,60.21,35.6,50.05,201.0,288.4,15.6,18.36,6.51,65.0,30.11,54.61,19.94,668.0,38.0
42.05,58.76,35.95,50.5,199.4,282.8,15.66,18.14,6.73,65.0,29.06,54.05,19.59,666.9,37.14
42.29,58.97,35.36,48.7,199.8,281.4,16.08,17.4,6.67,63.95,29.37,53.4,19.41,667.14,37.13
41.98,59.4,34.2,49.05,,,,,,,29.0,52.68,19.06,665.72,36.35
41.46,58.0,32.59,48.71,202.8,281.0,16.26,17.04,6.58,63.0,27.22,50.15,19.26,645.94,35.88
43.25,59.49,35.39,51.01,209.0,282.0,16.34,17.18,6.68,63.7,28.5,52.78,20.25,670.0,37.36
46.26,62.48,37.91,52.4,216.0,291.2,17.3,18.02,7.39,67.4,30.83,55.8,20.91,693.0,39.95
42.6,58.0,38.26,51.55,209.6,277.8,16.84,17.4,6.91,63.0,29.08,54.8,20.48,641.74,36.8
40.95,56.29,37.45,49.72,211.0,275.8,16.58,17.56,6.99,62.7,28.55,51.9,20.89,636.99,36.5
39.45,54.8,37.1,49.3,210.6,269.0,16.74,16.92,7.1,60.2,27.85,50.74,21.2,619.0,36.33
38.36,54.3,36.65,47.7,208.8,260.0,16.2,16.7,6.84,55.9,27.5,48.6,20.85,610.1,34.95
35.6,48.87,35.09,46.68,205.4,260.0,15.92,16.1,6.62,53.0,26.21,43.74,21.09,549.09,31.46
36.65,47.49,33.08,44.9,204.6,252.2,15.94,16.26,6.73,54.45,26.7,47.8,20.86,524.0,31.5
38.06,48.15,34.12,48.62,208.0,267.0,16.54,16.38,7.03,55.85,27.04,49.55,21.45,548.9,32.34
38.28,49.65,34.53,47.9,213.6,277.8,16.98,16.94,7.38,57.4,27.09,50.17,21.01,563.0,33.1
41.0,53.69,36.71,49.86,227.2,303.6,18.26,18.34,8.19,64.1,29.13,54.2,21.69,599.9,34.84
39.59,51.75,36.9,50.45,221.0,292.4,18.2,17.94,7.93,62.05,28.25,52.2,21.46,575.8,33.84
38.85,50.8,37.34,50.4,221.8,292.0,18.64,17.96,8.21,62.8,28.6,52.15,21.31,566.0,33.65
38.92,50.5,36.3,50.17,224.4,293.4,18.78,17.48,8.19,65.0,28.24,51.2,21.57,566.4,33.49
39.06,50.69,36.2,50.09,227.0,293.6,18.38,17.48,8.1,65.3,27.9,50.26,21.38,570.34,33.55
38.97,50.01,36.0,48.93,221.4,279.2,18.3,17.16,7.89,63.55,27.84,49.64,20.89,562.0,33.15
38.78,50.05,37.15,49.86,222.8,270.6,18.6,17.02,8.01,62.0,28.17,49.57,22.0,552.0,33.21
40.55,51.25,37.34,50.6,224.8,274.4,18.74,17.28,8.08,63.05,28.52,49.91,22.17,570.0,33.84
39.95,50.17,38.01,50.4,225.6,272.2,17.7,17.54,7.72,63.25,28.01,50.0,22.15,555.1,33.18
40.4,50.59,38.06,50.2,229.0,288.0,17.44,17.56,7.43,65.4,28.37,50.4,22.16,559.7,33.41
40.29,50.69,36.75,50.72,228.4,290.4,17.4,17.44,7.36,65.8,28.12,51.6,21.87,560.0,33.59
41.44,51.69,36.62,51.0,228.0,291.2,17.1,18.4,7.51,67.7,28.39,51.03,22.02,569.02,34.49
40.32,50.61,37.45,50.03,224.2,281.6,16.2,17.62,7.19,65.55,27.68,50.04,21.57,561.6,33.34
41.19,51.13,39.19,52.18,225.0,289.6,16.56,17.68,7.44,65.8,27.95,50.04,21.81,564.7,33.52
41.3,50.99,39.12,51.73,226.4,295.0,16.0,18.44,7.07,65.15,27.83,49.39,22.11,564.5,33.45
40.23,50.02,38.53,51.26,226.0,291.2,15.9,17.92,7.07,61.8,27.45,49.0,21.22,556.9,32.49
40.02,50.09,38.37,51.98,229.4,298.0,16.1,17.8,7.19,59.8,28.22,49.21,20.95,552.11,32.16
39.78,49.78,38.22,52.5,228.2,303.8,16.16,17.78,7.23,59.95,28.59,47.98,21.07,548.1,32.3
40.22,50.24,38.39,53.26,230.4,314.8,16.32,18.12,7.42,62.15,28.59,49.45,21.2,557.0,32.84
39.95,50.43,37.28,52.97,228.2,312.0,15.84,18.68,7.1,64.15,28.04,48.43,20.73,551.6,33.7
41.0,52.39,37.78,53.7,228.0,312.0,15.84,18.22,7.14,65.6,28.5,50.1,21.7,565.0,35.85
42.9,55.09,39.32,54.19,235.0,324.8,16.18,19.0,7.31,67.55,29.82,51.26,22.22,601.2,38.08
42.95,54.95,39.66,54.65,239.8,328.4,16.52,19.18,7.23,67.6,30.51,52.08,22.62,602.23,38.13
43.82,54.91,40.36,54.97,235.8,321.0,16.16,18.64,6.95,66.4,30.32,51.65,22.84,610.1,39.72
42.28,53.0,38.43,54.59,231.0,304.2,13.82,18.22,5.84,62.35,30.0,50.5,22.57,591.8,38.66
42.61,53.2,37.78,53.81,229.0,310.6,13.22,18.24,5.38,59.0,29.4,49.93,22.78,587.0,38.34
42.25,52.33,37.75,55.05,225.4,308.0,12.76,17.64,5.29,49.9,29.16,49.61,22.27,577.23,37.89
42.46,52.82,37.85,55.07,227.0,311.2,13.04,17.8,5.42,52.35,30.42,49.78,23.0,582.99,38.14
43.24,53.17,37.51,55.21,230.0,316.8,12.78,18.18,5.39,54.6,30.31,49.7,22.22,589.0,38.0
44.03,54.01,38.06,57.22,234.2,318.6,13.12,19.24,5.47,56.9,30.25,51.8,22.71,601.75,38.42
43.2,52.99,34.25,55.32,232.2,308.8,11.54,19.28,5.21,56.95,29.48,51.23,20.95,592.96,39.03
42.64,52.82,33.53,55.37,231.2,308.8,11.58,18.96,5.25,56.5,28.96,50.01,20.62,590.52,38.75
42.88,52.94,33.58,53.08,229.6,302.8,11.7,18.54,5.33,55.85,28.46,50.49,20.78,590.94,38.21
41.3,52.56,32.4,52.65,231.4,303.0,11.38,18.66,5.2,53.0,26.95,49.85,20.37,577.8,37.9
41.05,51.86,32.29,54.2,227.6,301.6,10.86,18.74,5.09,50.45,26.83,50.05,20.63,574.5,37.76
39.68,50.6,32.15,51.97,228.2,315.2,11.04,18.24,5.08,51.0,26.35,49.44,20.34,567.41,36.6
40.16,50.96,32.97,54.81,227.6,310.6,11.12,18.1,5.15,49.4,26.75,50.28,20.94,568.0,36.85
40.53,50.86,33.1,52.6,,,,,,,26.59,50.05,21.22,565.79,36.44
39.69,50.41,33.25,53.51,,,,,,,26.18,50.82,21.3,560.08,35.66
40.1,50.15,32.8,52.89,225.2,309.6,10.72,18.2,5.0,49.7,26.12,51.53,21.1,563.0,35.03
40.66,50.88,32.8,52.5,225.2,310.0,11.22,18.68,5.09,51.6,26.3,50.76,21.25,590.01,35.05
39.6,49.94,29.89,52.03,222.0,306.6,10.68,18.58,4.97,48.7,24.62,50.38,19.8,598.98,34.2
38.13,48.96,30.11,48.07,221.2,305.0,10.06,18.6,4.63,45.75,24.8,49.7,19.23,590.0,33.08
38.97,49.54,31.27,50.07,227.0,310.6,11.08,18.9,5.02,49.45,25.7,49.82,19.58,602.0,34.11
38.72,49.31,31.18,51.05,231.0,317.6,11.28,19.0,5.01,50.95,26.0,49.78,19.52,605.49,33.86
38.77,49.02,31.41,51.0,229.2,315.6,11.32,18.88,5.05,52.3,25.9,49.84,19.55,604.79,33.83
39.49,50.03,31.31,51.81,235.8,327.6,11.36,20.05,5.08,54.5,26.13,50.69,19.42,616.12,35.01
38.81,49.86,30.62,50.44,234.0,329.0,12.22,20.55,5.67,58.2,26.27,49.8,19.4,618.77,34.68
39.3,50.69,30.91,50.07,235.0,331.2,12.06,20.55,5.45,57.8,25.95,49.1,19.34,635.88,35.37
38.47,49.59,30.56,50.73,233.2,321.8,11.68,19.9,5.36,56.85,25.69,47.88,17.77,624.6,34.37
41.83,52.97,31.43,51.3,237.0,330.0,11.92,20.25,5.46,57.7,26.3,48.37,18.39,659.98,37.81
41.11,52.2,32.46,50.68,238.6,331.0,12.56,20.6,5.85,58.55,26.89,47.48,18.82,661.1,36.89
41.08,51.92,32.27,50.5,238.2,331.2,12.62,20.2,6.02,60.0,26.72,47.65,18.95,659.25,36.88
42.2,53.88,32.81,50.56,239.4,337.0,13.1,21.3,6.46,61.45,27.0,49.99,19.1,683.61,37.6
42.63,56.0,33.7,50.7,243.0,340.0,13.12,21.6,6.23,62.5,27.43,50.55,19.14,686.98,38.22
42.05,55.21,33.35,50.01,241.0,335.8,12.64,21.0,6.03,60.5,26.84,48.5,19.13,671.0,37.09
42.26,55.07,33.35,49.5,240.2,333.2,12.86,21.05,6.1,60.7,26.9,47.85,19.0,665.66,37.0
42.41,55.2,33.37,50.93,240.2,330.2,13.08,21.0,6.09,63.05,26.72,47.33,19.54,672.5,38.0
42.72,55.25,33.69,52.51,242.8,343.8,13.14,21.65,6.09,64.0,26.81,48.14,19.88,679.7,38.14
43.12,57.47,33.61,52.59,244.0,341.6,12.6,21.55,6.0,62.1,27.1,48.88,20.11,677.0,38.44
43.38,58.58,33.77,52.44,242.0,342.4,12.98,21.4,6.38,65.05,27.46,49.2,19.98,685.0,39.98
42.18,57.28,32.82,52.74,241.2,344.2,12.98,21.9,6.31,66.45,27.17,49.11,19.86,676.0,39.43
42.67,60.3,33.61,52.99,244.0,346.0,13.46,22.55,6.6,67.45,27.16,49.3,19.85,689.6,39.94
43.75,61.18,34.5,52.75,243.6,348.0,13.62,22.85,6.7,68.0,28.27,49.55,20.68,692.67,39.98
46.81,64.7,34.58,54.83,241.8,352.0,13.2,22.5,6.71,69.0,29.05,50.25,20.82,725.3,41.67
47.48,64.75,36.1,54.76,252.0,351.4,13.92,22.8,7.05,70.0,29.22,50.63,21.3,717.92,43.43
47.71,66.07,36.62,55.35,258.8,347.8,14.08,23.2,7.06,70.2,29.83,52.7,21.45,735.25,43.94
48.86,67.96,36.33,56.35,257.8,341.8,14.16,22.5,7.11,70.7,29.7,53.19,21.59,737.16,44.87
47.7,66.4,35.87,54.63,251.0,333.8,13.6,21.9,6.89,68.85,29.69,52.0,21.5,724.78,44.42
49.88,69.87,36.85,54.9,253.0,339.8,14.06,22.85,6.96,69.2,31.56,53.22,21.93,740.0,47.35
50.02,69.67,35.41,54.08,257.4,336.8,12.94,22.85,6.54,66.95,31.82,54.5,21.56,730.76,46.79
50.26,69.01,35.67,53.85,260.0,341.0,12.86,23.1,6.41,69.0,31.28,56.31,21.61,722.0,47.63
49.8,68.05,35.48,53.1,264.0,343.2,13.22,22.95,6.52,72.65,31.3,56.8,21.33,720.25,47.4
50.1,68.5,35.49,53.5,266.8,344.0,13.46,22.85,6.58,77.55,31.58,58.97,21.68,726.01,47.0
52.39,71.26,36.8,58.85,273.8,343.8,13.2,22.9,6.66,76.1,32.49,59.45,22.3,742.33,48.87
50.85,68.92,38.35,59.55,270.0,343.0,13.54,23.2,7.01,75.85,32.16,56.93,22.57,727.35,47.67
51.28,70.06,37.91,61.16,268.0,340.2,13.56,22.7,6.9,75.0,31.0,55.88,22.11,740.7,48.31
51.24,71.5,38.71,61.5,270.6,335.8,13.4,23.4,6.81,74.5,32.17,57.26,22.71,755.01,49.59
53.49,75.9,38.83,64.56,275.4,336.2,13.26,24.55,6.84,77.8,33.14,59.5,22.94,789.3,52.51
54.4,77.25,38.9,66.07,279.2,346.8,13.84,25.25,7.02,80.45,33.15,58.89,22.78,781.86,54.25
54.18,77.77,39.21,65.92,277.6,361.4,13.96,25.1,7.07,79.95,32.82,57.86,22.75,779.78,55.3
53.59,76.99,38.9,64.9,278.6,362.0,13.96,25.1,6.99,80.0,32.96,57.11,22.68,768.0,55.1
51.58,73.97,38.21,63.6,271.6,355.2,13.62,24.15,6.8,79.65,31.86,56.42,22.52,748.6,52.77
49.88,71.44,38.28,62.66,266.6,347.0,13.22,23.1,6.56,76.75,30.69,56.19,22.16,737.5,51.2
51.45,76.0,41.25,62.55,272.2,354.8,13.38,23.4,6.95,80.15,31.94,57.15,22.87,758.54,54.0
50.76,75.3,40.62,62.46,277.4,361.0,13.64,23.65,7.06,79.2,31.75,56.87,22.83,745.01,53.24
50.45,76.5,42.62,62.4,275.4,358.4,13.32,23.45,6.79,79.8,31.35,56.34,22.68,754.0,52.35
51.43,77.15,42.45,61.83,272.4,357.6,13.0,23.1,6.67,78.55,31.41,57.26,22.12,778.0,53.18
53.27,78.78,44.02,63.84,274.8,359.0,13.46,23.85,6.87,79.3,32.22,57.78,22.97,777.3,55.01
58.6,86.66,45.12,66.88,280.6,368.8,13.96,25.2,7.02,81.0,33.44,58.51,24.0,810.09,60.0
59.16,86.0,44.46,65.56,278.4,370.0,14.42,24.7,7.38,83.35,32.68,58.9,23.79,792.61,58.51
60.91,85.7,43.75,65.65,274.0,370.0,14.48,24.35,7.13,80.85,32.59,58.03,23.94,792.8,57.7
60.02,84.9,42.8,64.8,272.0,363.0,15.0,24.5,7.35,78.15,32.3,58.05,23.88,785.75,56.83
61.03,86.05,43.12,64.81,272.8,365.0,15.04,24.7,7.3,78.0,32.26,59.95,24.0,794.0,57.69
59.71,82.81,41.9,63.66,265.4,353.8,14.34,24.2,7.0,73.95,31.49,57.05,23.79,775.6,56.35
59.16,84.47,42.26,63.76,265.8,351.4,14.12,25.05,6.95,73.4,31.27,57.06,23.45,773.0,56.9
61.54,87.98,42.9,66.19,268.2,354.6,14.4,24.9,6.98,77.1,32.44,58.06,24.3,788.5,57.97
64.39,90.3,43.97,69.0,267.4,354.0,14.38,22.8,6.91,75.7,32.43,59.62,24.28,806.8,58.12
66.58,95.0,45.0,75.03,273.6,361.0,14.6,22.8,7.16,76.35,34.0,62.15,25.1,853.99,60.47
67.3,96.57,45.39,74.6,277.6,365.0,14.92,23.4,7.32,77.15,34.38,61.71,25.45,859.0,60.94
66.51,96.06,44.25,75.27,278.6,366.0,14.96,23.45,7.25,77.15,33.82,62.07,25.4,850.0,59.74
65.7,95.4,44.9,73.27,280.8,378.0,15.18,24.2,7.48,79.2,33.8,62.17,25.9,844.5,59.4
67.9,100.23,44.74,72.53,280.0,376.0,15.36,23.8,7.45,79.5,33.6,62.57,26.18,865.0,61.43
68.99,102.0,44.36,72.79,285.4,380.2,15.92,23.95,7.98,80.4,33.21,61.06,25.84,900.2,61.0
69.09,110.02,46.12,72.42,282.4,383.6,16.32,23.75,8.25,82.7,34.5,61.5,25.9,905.0,60.8
72.7,107.0,46.46,77.08,281.0,388.8,16.16,23.2,8.16,83.2,34.32,62.88,26.74,947.99,61.75
70.5,99.8,43.65,72.9,277.0,391.4,15.88,22.7,8.04,81.0,33.07,61.44,26.13,925.2,57.61
69.6,99.62,43.84,72.53,276.6,393.8,15.88,22.6,8.0,81.6,33.69,60.77,25.42,914.0,56.88
67.55,100.6,42.45,71.57,274.4,388.2,15.72,22.5,7.83,81.8,32.8,61.15,25.19,907.0,57.11
69.02,102.21,43.3,73.2,278.0,393.6,15.94,22.8,7.95,83.85,33.4,62.5,25.92,939.9,58.7
69.53,103.62,43.31,73.8,278.0,395.6,15.64,22.9,7.97,83.65,33.76,63.0,25.82,952.0,59.25
69.15,102.34,42.89,75.14,277.2,391.6,15.34,23.15,7.8,80.25,33.69,64.08,25.72,945.5,60.01
69.14,101.66,43.48,77.42,,,,,,,33.78,66.56,26.0,952.56,59.62
69.98,101.13,43.8,74.84,,,,,,,34.46,66.5,25.2,949.2,58.53
72.45,104.31,43.52,74.19,277.0,393.0,15.0,22.15,7.57,80.0,34.15,69.23,25.22,974.95,58.22
71.74,103.5,43.4,74.28,273.4,393.0,14.98,22.2,7.63,79.6,34.92,67.9,25.03,970.0,57.4
70.48,100.6,43.57,67.6,270.4,382.8,14.8,21.25,7.51,78.45,35.73,68.45,25.05,952.37,58.04
75.43,102.27,41.75,69.12,272.8,384.0,14.74,21.4,7.51,79.1,36.07,66.08,24.5,945.0,57.5
76.37,102.29,42.75,67.88,273.8,390.6,15.24,21.9,7.58,79.3,37.09,70.5,25.17,971.97,55.6
77.88,102.36,42.66,67.77,272.0,388.0,15.12,22.45,7.54,78.9,37.33,70.63,25.2,974.0,57.43
70.5,92.12,39.86,67.35,266.0,375.6,14.42,21.65,7.33,79.3,34.5,66.9,24.1,906.0,52.32
72.32,95.96,41.1,68.95,265.2,380.8,14.42,21.3,7.38,81.5,36.8,71.38,24.16,890.0,54.26
71.22,95.88,41.49,66.16,261.0,384.8,14.12,21.05,7.4,80.1,35.09,68.97,23.95,884.4,56.23
67.7,91.81,40.58,64.22,248.0,375.6,13.52,20.5,7.03,75.15,33.71,67.54,23.36,858.81,53.46
71.81,99.2,42.33,67.79,252.0,382.0,13.84,20.8,7.38,79.05,35.12,72.6,24.47,907.12,55.9
71.7,103.6,42.15,67.18,,,,,,,35.84,70.46,24.5,892.0,57.09
70.65,102.48,42.24,65.82,247.2,370.6,13.72,19.96,7.43,74.7,35.12,68.5,24.34,886.57,56.22
77.72,109.9,43.91,67.55,248.0,374.0,13.92,20.85,7.68,76.5,36.1,70.56,25.11,927.0,59.27
81.0,109.98,44.09,68.05,247.6,365.6,14.26,20.25,8.13,77.05,36.39,73.52,25.66,929.91,61.11
77.35,106.46,43.05,67.51,244.6,355.8,14.04,20.05,7.88,75.4,36.3,71.26,25.31,906.79,59.7
74.1,104.0,42.9,68.23,242.2,342.0,13.86,19.5,7.82,70.35,36.69,69.06,25.65,884.96,57.8
75.74,104.2,43.86,68.38,244.6,341.2,13.84,19.36,7.66,70.4,36.8,69.53,25.53,895.0,57.98
73.65,103.31,44.06,69.6,249.6,339.0,13.66,19.48,7.7,70.2,36.29,70.01,25.52,888.0,57.07
70.55,99.83,42.4,73.15,246.4,326.0,12.9,19.0,7.32,70.5,35.39,68.9,25.01,861.0,55.78
72.2,101.02,41.68,70.03,248.0,324.8,12.98,19.28,7.36,72.9,35.4,68.03,25.68,878.5,56.11
72.31,102.0,42.27,69.86,249.2,323.8,13.02,19.36,7.83,75.9,35.8,68.1,26.02,879.0,56.5
73.99,103.1,42.48,70.79,254.6,325.6,13.16,20.05,8.08,78.35,37.89,70.1,25.93,888.0,57.2
73.79,104.55,41.9,69.75,255.4,322.0,13.22,19.94,7.91,77.3,37.13,68.86,26.1,911.91,57.02
72.0,103.13,42.08,69.81,251.6,324.4,12.6,20.05,7.85,75.55,37.75,69.56,26.19,905.3,56.13
70.63,101.25,42.17,71.15,249.4,326.0,12.64,19.98,7.91,74.1,38.29,69.14,26.68,890.0,56.52
69.6,101.46,42.93,72.37,246.6,333.6,12.56,20.2,7.81,73.65,37.46,69.65,27.1,892.0,55.77
67.9,99.19,41.73,69.45,244.6,327.2,12.08,19.84,7.62,71.25,37.3,70.01,26.4,875.3,53.8
68.16,99.05,39.8,69.49,248.8,331.0,11.5,19.94,6.98,71.7,27.84,69.5,26.2,871.6,54.0
66.8,97.29,39.03,68.8,250.6,330.4,11.52,20.0,6.9,72.45,28.09,69.8,25.44,862.13,53.89
67.91,100.44,39.73,69.82,258.0,343.0,11.72,21.05,7.14,74.3,28.6,73.6,26.54,871.08,56.08
72.05,108.95,41.18,72.0,264.8,344.6,11.82,21.15,7.19,74.4,29.34,75.72,26.9,910.89,59.88
71.29,107.61,41.36,71.82,259.2,337.4,11.5,20.65,7.0,74.35,29.18,74.13,26.99,906.7,59.96
70.73,106.8,41.3,72.7,262.4,334.2,11.56,20.15,7.05,74.1,28.84,73.93,26.68,910.0,59.4
70.24,104.96,41.8,72.48,260.4,330.0,11.44,20.0,7.1,73.2,28.5,73.16,23.0,913.0,58.68
69.82,103.7,27.4,71.58,263.8,329.0,11.56,19.96,7.22,73.5,28.83,74.84,22.76,911.6,59.2
69.7,104.08,28.1,72.46,271.0,334.0,11.82,20.2,7.4,72.95,29.35,75.37,23.03,917.0,58.99
71.0,105.9,28.71,74.45,277.8,347.2,12.12,21.05,7.65,70.8,29.36,76.55,23.61,932.01,59.32
74.16,112.97,29.01,76.77,278.2,354.0,12.4,21.0,7.78,73.35,29.98,78.8,24.06,975.0,62.3
75.8,112.98,28.8,77.19,276.8,354.4,12.22,21.65,7.68,69.05,30.2,78.24,23.81,976.3,62.02
76.9,115.06,29.26,76.6,276.4,355.8,12.32,21.65,7.85,69.3,30.08,79.14,24.06,987.1,63.15
77.2,114.9,29.31,76.5,272.2,349.4,12.04,21.65,7.82,66.5,30.5,78.49,24.11,982.98,64.75
76.24,113.82,29.66,75.95,273.2,349.0,12.46,21.25,8.04,68.1,31.04,79.2,24.12,979.86,63.85
80.93,117.3,29.9,75.99,277.0,352.8,12.7,21.5,8.16,69.4,31.0,81.27,24.72,996.35,68.04
80.83,117.95,30.49,75.83,275.8,352.6,12.6,21.6,7.99,70.15,30.97,83.78,25.25,984.0,69.05
83.65,126.0,31.68,78.0,,,,,,,31.88,86.5,25.95,1031.86,71.5
84.18,128.0,32.1,77.52,280.0,362.4,12.8,21.6,8.31,74.75,31.77,84.43,25.9,1025.0,71.06
82.77,123.91,31.48,75.59,279.6,360.4,13.12,21.5,8.44,74.4,30.96,82.86,25.33,987.9,69.46
81.43,123.09,31.03,74.7,278.0,360.0,13.04,21.6,8.68,74.85,30.25,79.75,25.35,981.2,68.4
84.9,129.81,33.1,76.05,278.4,359.8,12.86,21.75,8.8,74.65,30.78,81.4,25.41,999.82,71.68
83.7,127.03,31.62,73.73,274.2,351.0,12.52,21.6,8.5,73.45,30.74,79.79,25.15,984.86,69.75
83.51,126.0,31.65,73.0,270.6,350.8,12.2,21.35,8.44,73.4,31.0,80.39,24.9,976.06,69.74
85.1,126.43,31.66,72.52,270.8,356.8,12.7,21.65,8.72,73.6,30.55,81.4,24.65,982.52,70.1
86.0,123.5,31.25,73.2,273.4,357.2,12.9,21.65,8.66,73.4,30.5,80.18,24.46,981.5,69.49
88.45,125.58,31.97,73.69,275.4,355.0,12.58,20.8,8.52,71.7,30.3,81.93,25.92,986.09,70.81
87.48,125.09,31.7,72.01,272.2,360.8,13.46,20.95,8.99,72.9,30.78,81.0,24.95,975.93,69.65
84.9,123.58,31.19,69.85,273.6,362.6,13.7,20.8,8.93,75.35,30.44,79.6,24.47,968.0,68.89
84.41,123.6,31.22,69.37,273.6,363.2,13.5,20.9,8.87,76.35,30.33,80.53,24.06,963.5,69.29
83.66,121.0,31.25,68.71,273.0,356.6,13.34,20.35,8.83,78.9,29.57,81.01,23.37,947.5,67.9
84.45,122.14,31.37,68.01,273.4,361.8,13.28,20.2,9.0,82.05,29.72,81.51,24.94,955.87,69.49
85.2,123.45,31.19,68.01,266.6,357.6,13.1,19.48,8.89,81.8,29.81,82.06,24.7,957.02,68.26
81.1,120.05,30.93,68.54,267.4,358.6,13.24,19.12,9.39,82.0,30.03,81.98,25.64,953.98,68.3
81.22,119.5,31.17,69.49,266.8,365.6,13.34,19.12,9.25,82.15,30.11,81.69,25.53,946.36,68.3
81.81,121.68,31.0,69.45,268.8,372.4,14.16,19.18,9.59,82.7,30.06,84.0,25.55,963.0,68.35
82.21,121.25,31.0,70.82,268.6,370.2,13.88,18.9,9.45,82.0,30.89,85.05,25.92,965.03,68.66
82.93,123.75,30.85,69.89,265.0,372.2,13.74,19.38,9.5,83.3,30.81,84.98,25.83,976.41,69.62
82.19,122.9,30.87,69.78,266.4,373.2,13.74,18.96,9.58,83.45,30.48,84.26,25.68,978.93,68.8
80.64,120.71,29.98,68.86,265.6,368.2,13.76,18.54,9.68,84.35,30.49,82.78,25.98,972.6,67.79
79.87,119.03,29.39,69.24,264.6,370.0,13.6,19.2,9.6,83.7,30.24,82.01,25.5,959.3,66.85
79.81,118.12,29.23,67.53,256.2,355.8,12.92,18.62,9.13,81.15,30.45,81.9,25.64,954.45,65.7
77.31,116.95,29.25,65.53,247.8,340.6,12.52,18.36,8.97,78.65,29.68,79.36,24.95,942.43,64.78
78.9,121.28,29.58,66.55,244.8,337.2,12.4,18.0,9.22,79.55,29.1,78.95,24.97,946.3,65.15
77.99,118.88,30.04,66.5,246.6,338.6,12.4,17.74,9.26,79.55,29.87,79.01,26.67,945.0,65.15
79.3,120.52,30.38,68.2,246.8,342.4,12.44,18.26,9.45,79.4,30.9,80.75,26.9,971.68,66.1
77.38,118.02,30.82,68.98,242.2,338.4,12.32,18.5,9.32,78.8,30.88,80.15,26.92,962.03,64.5
79.63,122.84,32.13,69.1,239.8,340.0,12.32,18.68,9.43,79.9,31.09,81.37,27.3,1018.63,66.67
79.2,122.3,31.93,69.09,234.0,334.0,12.02,18.1,9.11,79.4,30.99,80.78,27.35,1017.95,68.22
83.52,125.85,32.5,69.24,235.2,340.0,11.94,18.22,9.07,80.7,31.55,81.5,27.96,1043.33,69.2
84.28,125.98,32.6,69.29,238.0,330.4,11.96,18.32,9.06,79.0,31.65,82.07,27.88,1044.9,68.35
86.0,126.3,33.13,69.4,245.0,326.4,12.44,18.18,9.42,79.9,31.88,84.84,29.0,1054.6,69.71
86.2,127.9,32.97,70.19,252.8,336.8,12.96,18.78,9.93,82.4,32.08,84.86,28.7,1055.88,69.96
86.3,129.59,32.79,68.71,252.4,333.4,14.4,18.5,10.1,83.0,32.0,83.96,27.9,1070.0,71.0
86.6,127.85,32.6,67.91,254.4,332.6,14.9,18.3,10.46,82.5,31.77,85.0,28.05,1066.0,68.98
87.66,130.5,33.63,67.59,251.6,331.0,15.18,18.4,10.56,82.75,32.82,85.75,27.99,1104.0,70.58
88.69,130.1,34.56,69.5,252.4,334.2,15.7,18.52,10.78,84.8,33.57,87.19,28.6,1130.1,71.41
86.87,127.42,34.36,68.0,247.0,326.0,15.82,18.02,10.86,80.65,33.52,86.84,28.3,1102.95,70.24
89.25,132.38,34.43,69.8,241.4,326.2,16.3,18.6,11.0,80.4,34.01,87.5,28.75,1109.0,74.5
88.85,133.92,33.0,70.35,241.6,319.0,15.5,18.94,10.62,79.0,34.1,85.61,27.79,1100.11,74.85
92.28,137.0,32.68,69.03,242.4,320.2,16.1,18.7,11.66,82.6,33.29,84.56,27.6,1113.1,75.01
96.88,141.5,32.6,72.28,240.0,324.8,15.68,20.4,11.66,82.6,33.78,84.05,27.59,1142.0,76.75
98.07,141.89,32.73,72.3,237.6,331.2,16.0,20.95,11.82,82.95,34.17,85.26,28.39,1138.76,79.1
96.16,141.5,32.38,71.52,236.8,329.2,16.24,20.95,11.68,80.7,34.03,83.98,27.64,1140.0,79.45
94.25,138.31,32.72,71.05,248.0,341.2,16.14,20.75,11.68,81.5,33.95,83.95,27.58,1125.01,76.34
94.5,138.9,32.54,71.18,247.2,341.4,16.32,21.25,11.8,82.35,33.68,84.4,27.67,1144.0,75.84
94.03,140.01,32.76,70.4,249.4,343.4,15.98,21.7,11.42,82.6,33.9,86.0,27.77,1142.49,76.0
93.25,139.2,32.71,71.4,249.4,342.4,15.54,21.05,10.94,82.6,34.33,85.02,27.88,1136.52,76.96
92.7,137.25,33.78,71.65,245.2,340.2,15.48,20.15,10.94,81.25,34.3,84.4,27.85,1123.85,75.9
87.51,129.26,33.24,70.34,246.0,346.0,15.24,20.7,10.76,78.45,33.96,82.2,27.51,1069.52,72.13
88.89,131.55,33.06,70.86,237.4,349.4,15.42,20.75,10.84,79.6,33.87,83.16,27.65,1099.0,75.04
86.79,130.92,32.9,71.69,235.0,346.6,15.5,20.9,10.78,79.35,34.17,82.8,27.36,1099.0,74.56
87.82,131.54,32.95,70.83,232.6,343.6,15.44,20.65,10.8,79.45,33.64,82.04,27.42,1094.01,74.02
90.2,135.56,33.06,72.88,233.2,343.0,15.28,20.4,10.78,78.1,34.51,82.77,28.3,1148.9,78.28
88.7,134.92,32.69,72.7,230.2,338.4,15.46,20.4,10.76,78.25,35.57,81.92,28.45,1145.0,77.56
89.0,136.84,32.97,72.4,230.2,337.6,15.38,19.96,10.68,79.9,35.55,81.26,28.55,1157.42,77.87
87.65,134.85,32.28,72.44,225.8,335.8,14.98,19.98,10.36,79.9,35.29,80.65,27.66,1149.0,76.96
88.5,136.51,33.63,72.38,225.8,335.6,16.26,20.05,10.48,80.0,35.75,79.89,27.96,1184.0,79.69
88.01,136.54,33.7,72.7,222.6,328.4,15.66,19.96,9.92,78.75,35.26,80.68,28.09,1174.0,79.46
87.74,134.1,33.82,74.0,225.2,332.4,16.02,19.66,10.06,80.0,35.35,80.35,27.81,1167.0,77.67
87.22,133.8,33.76,72.95,226.8,329.4,15.86,20.0,10.04,78.8,35.16,79.93,28.05,1174.75,77.46
85.22,129.8,34.3,71.73,230.0,330.2,15.74,20.45,9.96,80.0,35.47,79.78,28.39,1150.0,77.31
88.25,132.76,34.72,72.61,231.2,323.8,17.1,20.45,10.48,80.65,36.08,77.78,28.99,1167.1,77.3
87.48,131.81,34.01,72.65,229.6,318.2,16.76,20.3,10.5,79.35,35.43,78.13,28.58,1146.81,77.28
86.68,130.99,36.31,72.43,232.0,318.8,17.06,20.65,10.86,81.2,36.8,80.48,29.88,1155.0,78.72
87.67,131.25,36.34,73.31,237.2,324.8,16.02,20.65,10.82,82.5,36.58,80.26,29.88,1174.6,79.98
87.66,130.86,36.39,75.36,237.2,328.2,16.7,21.05,11.16,81.75,36.6,79.23,29.56,1180.0,79.9
88.33,132.69,36.3,76.67,236.4,328.8,16.74,21.05,11.32,81.35,37.2,78.28,29.54,1211.0,86.3
85.82,130.13,37.42,77.9,236.2,331.0,16.8,21.3,11.34,82.15,37.98,78.25,29.62,1170.0,85.98
86.12,130.3,36.64,77.59,237.0,331.0,16.9,20.9,11.24,81.9,38.08,80.43,29.53,1183.33,85.5
84.5,127.3,36.79,77.0,238.2,331.0,17.4,20.95,11.16,83.0,37.84,79.31,29.31,1175.79,83.6
83.57,128.12,36.57,77.57,242.6,324.8,17.44,20.95,11.18,81.9,37.09,77.64,28.27,1168.5,85.82
85.1,129.0,36.6,77.56,242.2,327.6,17.4,20.95,11.04,82.3,38.18,77.14,28.19,1170.8,85.53
84.0,127.32,35.85,77.38,241.2,320.0,17.04,21.25,10.8,80.05,38.18,77.0,27.53,1158.91,84.9
81.75,124.53,36.26,76.23,240.8,319.0,17.3,21.15,10.92,80.15,38.18,74.91,27.47,1150.27,83.25
83.0,128.2,37.3,75.96,241.2,316.6,18.28,21.9,11.3,81.85,38.18,75.68,27.58,1171.35,83.85
84.88,130.05,36.8,76.67,243.2,322.0,18.5,22.3,11.44,86.35,38.18,75.45,27.27,1178.29,85.8
85.83,131.5,36.28,76.23,242.4,317.0,18.86,22.65,11.64,91.15,38.18,73.43,27.11,1193.0,88.65
85.8,130.95,35.28,74.38,241.0,316.2,19.98,22.65,11.6,88.0,40.09,77.68,26.71,1183.8,89.32
87.2,132.08,36.05,74.63,245.0,320.8,20.15,22.4,11.72,92.5,39.56,76.25,26.81,1180.01,89.0
88.2,133.7,36.57,79.21,247.4,321.6,19.82,23.35,11.72,86.45,41.94,76.26,26.86,1185.0,92.98
87.4,133.99,36.5,80.1,250.0,327.6,20.8,23.25,12.16,86.7,42.21,77.69,27.19,1199.59,92.1
86.75,134.28,36.62,80.36,250.2,333.0,20.4,23.0,11.82,86.05,41.95,78.78,27.44,1199.0,92.5
84.86,132.63,36.7,79.85,251.2,334.0,20.5,23.35,11.84,84.8,40.81,78.55,27.08,1193.0,90.7
84.91,133.17,36.35,80.06,253.0,333.6,21.4,23.1,12.1,87.2,41.4,78.19,27.25,1201.37,91.4
85.62,134.59,35.9,79.75,254.0,327.2,20.95,23.15,11.8,89.45,41.4,77.87,27.2,1205.0,90.77
85.0,132.72,35.09,78.2,246.2,323.0,21.05,22.3,11.46,86.35,41.64,77.8,26.58,1199.0,90.94
85.23,133.37,35.62,77.38,247.4,330.2,20.95,22.35,11.28,85.2,43.13,77.46,26.59,1201.6,93.61
86.45,134.62,36.6,78.08,242.2,327.4,20.8,22.05,11.38,85.65,45.62,76.43,26.89,1224.0,94.6
86.46,134.55,37.1,78.0,242.0,319.8,21.1,21.45,11.3,85.8,45.9,75.93,27.55,1230.0,97.76
85.21,133.33,36.73,76.86,240.8,320.0,20.8,21.5,11.2,85.7,45.13,75.4,27.48,1224.9,98.6
85.06,133.0,36.45,77.3,245.0,330.0,20.55,21.6,11.14,85.75,45.6,76.0,27.57,1227.28,96.62
85.52,133.5,37.75,77.63,251.8,336.6,21.3,22.2,11.68,88.5,47.75,76.1,27.94,1232.32,98.49
87.0,134.0,37.4,75.55,249.2,335.6,20.55,21.85,11.56,89.4,47.06,76.37,27.83,1233.75,98.7
87.48,133.66,36.85,75.09,246.2,329.4,19.98,21.45,11.32,89.4,44.0,76.0,27.89,1231.3,98.45
84.2,128.97,35.1,74.43,245.8,333.6,20.0,22.05,11.26,91.45,41.99,74.77,27.08,1194.0,94.49
84.35,128.7,34.03,73.14,249.6,338.8,19.74,22.25,11.04,87.8,41.8,75.03,26.55,1182.06,92.92
85.3,130.72,34.59,72.46,248.6,335.6,19.74,22.0,11.2,88.4,41.94,76.3,27.36,1185.0,94.0
85.83,131.49,33.78,71.22,248.2,335.0,19.82,22.0,10.68,91.0,41.39,75.94,26.47,1189.95,93.57
84.5,130.81,33.86,71.67,250.4,338.0,19.74,21.95,10.62,90.7,41.82,76.38,26.46,1175.8,93.22
81.75,127.55,33.46,71.8,247.2,331.8,17.82,21.75,10.1,88.45,39.92,75.13,26.42,1129.0,89.34
81.74,127.0,33.0,71.9,247.6,333.0,17.84,21.5,10.06,87.45,39.98,75.9,25.65,1133.0,88.32
80.36,126.04,33.03,71.46,247.4,331.0,17.6,21.85,10.18,87.4,40.34,75.46,25.95,1118.0,88.18
81.72,128.45,33.03,72.24,245.0,328.6,17.46,21.6,10.12,87.05,40.3,75.17,26.38,1122.33,88.08
81.49,128.16,33.37,73.25,244.0,330.0,17.74,22.05,10.36,88.45,40.69,76.65,26.67,1129.8,88.18
82.59,130.98,33.4,75.22,247.6,335.6,17.94,21.85,10.62,91.8,41.3,77.75,26.75,1170.0,89.61
82.36,130.49,32.49,76.2,246.8,336.2,17.02,21.3,10.12,91.4,39.99,77.46,26.48,1158.7,87.61
81.93,130.86,33.14,75.31,245.4,336.8,17.0,21.15,10.12,91.45,40.23,78.7,26.69,1164.4,88.03
80.89,128.82,33.4,74.19,245.8,340.0,17.36,21.55,10.22,91.55,40.2,78.43,27.0,1158.98,87.2
80.49,127.78,33.3,74.61,249.8,349.0,17.86,21.85,10.32,92.45,39.93,78.22,26.89,1137.0,87.0
82.0,129.52,33.9,75.22,255.4,361.0,17.78,21.85,10.34,94.85,40.83,79.03,27.18,1163.0,88.7
81.6,128.83,33.99,75.61,251.8,359.8,17.62,21.85,10.3,96.0,40.15,78.59,27.27,1147.92,88.01
83.04,130.25,34.01,75.68,256.6,371.2,18.36,23.9,10.68,98.1,40.35,78.8,27.27,1169.98,88.6
82.5,130.94,33.6,75.62,257.6,377.6,18.08,23.8,10.62,99.65,39.53,78.43,26.8,1168.0,88.73
82.0,129.86,33.18,75.72,255.0,375.6,18.2,24.4,10.6,99.85,39.44,78.3,26.58,1157.4,87.0
82.15,129.1,33.2,75.65,256.4,375.2,18.24,24.4,10.76,99.6,39.0,79.11,26.43,1146.3,85.88
81.61,128.14,33.21,73.4,255.8,377.8,18.62,24.5,11.02,100.0,39.14,78.35,26.32,1149.3,85.53
82.05,128.7,33.73,73.51,253.4,376.8,18.5,24.3,11.02,98.8,38.49,77.8,26.53,1148.0,85.15
80.86,128.1,33.51,72.64,,,,,,,38.97,77.57,26.64,1133.7,83.14
80.73,128.15,34.6,75.75,,,,,,,39.0,77.84,27.03,1135.1,85.35
81.71,129.0,33.81,76.11,256.8,384.0,18.82,24.85,11.18,99.2,38.56,77.26,26.64,1163.0,88.08
85.73,132.82,33.58,76.27,256.2,383.2,18.82,24.55,10.88,98.95,38.68,77.86,27.03,1185.8,90.22
86.68,133.01,35.15,76.78,253.0,375.6,18.58,24.35,10.9,98.65,39.56,78.75,27.94,1183.0,89.7
85.45,132.08,35.22,77.89,260.4,382.4,18.68,25.0,11.0,100.7,39.5,77.36,27.86,1130.0,88.8
85.79,130.55,34.97,76.79,266.6,383.0,18.5,24.45,10.82,101.6,39.39,77.3,27.85,1078.56,87.64
85.62,129.2,32.18,74.5,268.6,377.4,17.66,24.1,10.5,97.55,38.54,75.6,27.12,1077.99,86.5
86.0,129.37,32.3,74.6,269.8,385.6,18.0,24.3,10.7,101.0,39.19,75.25,27.92,1094.53,86.92
84.85,128.89,32.16,74.54,268.2,382.0,17.88,24.45,10.62,100.5,38.81,75.06,27.57,1088.14,87.7
87.5,130.77,32.89,74.87,274.8,390.0,18.16,24.75,10.9,103.2,41.44,75.56,27.75,1102.7,91.48
90.5,133.62,33.24,74.05,275.0,398.6,17.98,24.7,10.98,97.6,41.76,75.92,27.8,1112.5,94.2
93.03,139.66,34.3,75.3,280.2,406.4,18.0,24.7,11.08,99.0,41.53,75.95,28.19,1124.27,95.2
92.07,138.56,34.05,73.98,277.6,400.4,17.76,25.0,10.94,98.95,41.22,74.56,28.19,1107.4,94.46
92.34,140.8,34.27,74.44,279.8,398.8,17.6,24.9,10.82,99.9,41.08,73.5,28.24,1112.13,96.15
92.65,140.66,34.11,74.33,278.0,400.0,18.0,25.15,11.34,105.5,42.66,73.49,28.02,1107.0,97.49
91.8,138.55,34.08,74.2,280.0,399.0,18.92,25.25,11.74,106.0,42.99,73.26,29.05,1107.5,96.69
90.59,137.56,35.49,73.82,280.2,396.0,19.18,25.05,12.32,106.2,43.04,71.95,30.03,1091.0,95.9
87.26,132.62,37.03,73.33,271.8,385.4,19.0,24.35,11.94,104.0,42.75,70.4,31.69,1075.3,94.5
87.51,131.7,35.97,73.05,275.0,391.0,19.48,24.85,12.12,104.5,42.38,70.96,30.58,1075.51,95.48
82.65,126.16,36.09,70.62,269.4,385.6,18.92,24.65,11.56,102.1,40.0,68.98,31.32,1052.8,91.68
74.39,113.54,37.19,63.57,260.4,380.0,17.94,23.15,10.72,99.65,36.83,63.8,31.1,1003.92,82.51
72.12,114.5,36.6,65.69,264.0,393.0,18.34,23.4,11.08,102.7,39.28,68.2,30.73,1038.01,79.75
72.4,117.51,39.12,67.95,266.6,392.2,19.16,23.55,11.14,103.7,39.76,70.3,33.33,1049.99,81.28
73.89,119.15,43.03,68.26,273.0,400.0,19.36,23.6,11.28,106.7,40.34,71.62,36.66,1071.0,82.41
74.76,120.58,41.1,68.83,270.6,402.4,19.42,23.2,11.24,108.2,40.3,71.71,35.12,1076.0,85.21
73.72,121.13,42.19,70.46,268.4,400.6,19.06,22.95,11.26,110.5,41.12,70.72,36.65,1066.49,85.8
77.4,124.79,40.85,71.0,270.2,409.0,19.08,23.15,11.6,111.3,41.9,72.22,35.46,1098.0,87.4
77.49,124.49,41.17,71.34,270.4,411.0,19.14,23.85,11.6,114.7,41.78,72.38,36.05,1097.27,87.59
77.5,124.14,41.42,71.1,268.8,416.4,18.74,23.7,11.6,115.9,41.32,72.4,35.79,1091.0,87.85
77.72,123.43,42.99,70.47,269.6,415.0,19.02,23.8,11.78,117.0,41.11,72.0,39.37,1088.0,87.35
78.22,124.3,42.31,70.67,272.8,416.6,19.36,23.85,11.76,116.7,42.18,71.57,37.65,1093.82,87.4
77.7,123.39,41.18,70.24,270.0,408.2,19.06,23.45,11.52,118.9,42.12,70.98,36.16,1084.0,86.66
79.03,126.0,39.76,69.6,270.4,411.4,19.08,23.65,11.56,115.5,41.51,72.08,34.53,1096.5,87.85
82.77,130.15,40.07,71.31,271.4,410.0,19.22,23.8,11.46,118.0,43.8,73.8,35.11,1118.0,91.23
82.69,130.0,40.7,72.07,267.6,401.0,19.02,23.25,11.28,116.8,43.3,72.69,35.36,1112.88,90.26
81.11,127.1,41.18,73.69,260.8,390.4,18.48,23.3,11.0,114.9,42.7,69.88,35.43,1087.18,88.63
79.55,125.3,42.59,74.53,261.8,401.6,18.66,22.85,11.16,119.4,42.38,68.6,35.99,1074.81,87.08
78.5,124.1,41.23,75.83,259.8,399.6,18.2,22.7,11.04,115.5,40.79,67.57,34.6,1073.7,87.15
79.02,126.3,41.75,72.96,260.8,399.2,18.24,23.0,11.42,114.7,41.67,67.6,34.8,1087.39,89.94
74.8,120.6,41.5,73.45,255.8,386.0,17.76,22.3,11.28,114.0,40.0,65.71,34.63,1057.0,86.25
77.82,122.65,42.31,73.22,254.8,389.6,17.88,22.4,11.36,116.8,42.0,68.8,35.0,1086.01,89.4
79.0,124.37,44.29,72.91,257.0,394.0,18.24,22.75,11.7,117.7,42.42,68.7,35.45,1113.0,91.5
78.88,125.27,43.7,72.6,255.2,394.0,18.14,23.5,11.78,119.4,43.6,71.69,35.46,1128.92,91.06
83.4,133.2,45.02,74.3,259.6,406.2,18.72,23.85,12.34,120.6,44.71,73.0,35.43,1171.0,100.17
81.38,130.07,44.49,72.38,255.4,395.8,18.72,23.25,12.32,120.7,44.9,71.8,34.97,1155.5,96.2
77.8,126.3,43.32,70.87,248.0,377.4,17.88,22.1,11.54,117.1,43.99,70.41,33.8,1114.01,90.0
81.22,130.72,42.81,72.87,250.6,383.0,17.84,22.2,11.36,118.6,43.93,71.0,33.93,1156.0,94.35
81.51,129.9,42.6,71.79,246.6,378.4,17.2,21.95,11.24,122.1,43.16,70.09,33.51,1158.52,93.8
80.25,126.04,40.89,70.98,238.4,363.6,16.46,20.6,10.98,110.9,41.58,69.64,32.57,1138.5,91.0
78.92,122.6,40.07,70.48,238.2,365.0,16.44,20.6,11.08,110.6,41.15,68.92,32.16,1112.03,90.72
74.05,115.5,39.59,66.35,228.6,341.8,15.62,19.68,10.42,94.9,38.96,66.2,31.2,1067.0,87.03
71.65,112.36,42.75,67.65,231.2,349.8,15.52,19.2,10.6,97.85,38.34,64.0,33.78,1045.1,85.63
69.77,107.59,42.19,66.8,221.8,334.0,14.36,18.08,10.12,95.4,38.05,63.3,34.11,1007.99,83.81
66.51,102.11,40.93,64.64,213.0,343.0,13.72,17.98,9.7,91.2,36.0,61.0,32.37,996.0,80.2
68.65,108.51,43.2,65.6,218.0,359.6,14.86,18.86,10.26,97.55,36.11,62.85,34.98,1035.28,83.22
66.63,104.51,43.75,62.95,211.4,348.0,14.06,18.2,9.88,92.95,34.2,59.31,34.65,1019.0,80.99
70.17,109.05,43.89,65.72,223.8,365.2,15.12,19.12,10.44,96.55,37.26,62.17,34.41,1056.0,84.13
72.91,114.0,46.36,66.7,232.0,380.0,16.02,19.92,10.82,102.5,38.67,64.72,36.01,1080.1,86.9
72.98,113.89,48.0,67.67,231.8,381.8,16.32,20.2,10.7,103.8,38.8,64.0,36.35,1064.92,88.72
74.5,115.81,46.87,68.0,234.6,382.4,16.24,20.85,10.62,100.0,38.82,62.09,35.38,1075.5,90.33
71.91,113.23,46.0,65.88,232.0,376.6,16.22,19.56,10.68,97.0,38.15,59.69,34.96,1072.0,88.06
73.65,115.2,47.92,69.13,233.8,380.2,15.52,20.65,10.22,100.5,39.38,60.81,36.38,1111.0,90.18
73.84,115.0,48.39,69.44,231.0,374.4,14.84,19.42,10.08,105.5,38.91,61.66,35.89,1103.0,90.55
74.25,117.19,48.79,69.67,235.0,379.8,15.02,19.36,10.34,110.3,39.5,62.54,35.66,1145.0,91.21
74.3,117.52,49.07,70.76,236.4,376.4,15.26,19.18,10.54,112.8,39.38,63.4,35.7,1139.79,90.79
76.24,124.14,51.2,71.23,243.8,387.6,16.3,20.3,11.0,115.2,40.33,63.21,36.48,1159.95,91.3
76.12,125.28,48.18,70.7,242.4,385.0,16.24,19.6,10.92,113.9,40.26,63.94,36.44,1159.76,92.43
76.35,124.98,48.69,70.06,247.4,391.4,16.94,19.94,11.28,114.7,41.88,65.59,37.88,1158.5,93.8
76.85,126.52,48.58,69.79,,,,,,,42.89,65.58,36.71,1165.0,93.48
78.13,125.0,47.22,68.1,,,,,,,42.58,64.9,36.98,1162.3,93.71
78.39,128.45,48.95,67.65,249.4,395.0,16.7,20.45,11.22,114.4,43.74,66.1,36.1,1185.1,96.1
78.63,127.91,49.57,66.74,247.0,395.0,16.6,20.05,11.24,113.6,43.31,65.55,35.85,1189.6,96.07
77.18,126.1,51.05,67.0,244.8,406.8,16.44,19.8,11.18,115.4,43.06,65.22,36.4,1197.1,95.66
78.33,128.82,48.77,68.39,247.0,409.6,16.4,20.55,11.54,116.5,43.09,67.72,34.79,1226.0,97.45
78.05,129.31,48.71,68.8,244.2,408.6,16.56,20.65,11.88,119.9,43.0,67.96,34.85,1227.3,98.19
74.73,126.47,48.85,67.2,242.4,400.6,15.82,20.85,10.94,118.5,42.4,66.7,34.23,1200.0,96.68
77.28,130.3,48.98,67.34,242.6,409.4,15.82,20.85,11.08,120.0,44.03,67.28,34.43,1244.5,99.6
77.74,131.09,51.02,67.68,244.4,411.6,15.94,20.85,11.26,121.5,44.03,70.98,35.06,1252.26,99.12
77.88,131.4,49.27,67.72,245.0,406.4,15.56,20.8,11.22,115.4,43.96,70.5,33.78,1250.56,100.0
78.15,132.7,39.52,66.99,247.0,413.0,15.38,21.35,11.52,117.7,44.3,68.39,34.51,1276.0,99.32
82.5,139.0,40.54,68.5,252.6,417.2,15.72,21.1,11.56,119.6,45.09,70.5,34.94,1279.13,109.25
79.09,135.5,39.82,65.98,252.0,417.0,15.4,21.35,11.34,121.0,45.68,68.86,34.55,1274.9,103.49
79.17,135.77,38.87,65.88,,,,,,,44.39,70.7,34.08,1265.7,107.31
79.03,138.21,38.55,65.3,253.4,410.0,15.18,21.25,11.84,118.8,45.49,70.21,34.47,1300.0,106.28
80.3,141.91,38.03,66.59,246.4,407.2,15.5,21.2,11.8,120.5,46.58,68.4,35.48,1312.0,108.5
81.64,142.9,38.06,66.54,242.8,418.2,15.76,21.5,11.88,124.8,46.8,69.0,35.12,1314.61,108.35
82.8,141.85,37.24,68.56,250.0,435.0,15.78,21.6,11.82,127.0,45.6,68.6,34.37,1323.01,107.1
84.12,142.9,38.22,69.46,251.6,431.0,15.44,21.35,11.68,129.8,46.32,67.9,34.64,1333.0,111.29
88.66,146.0,38.28,69.46,254.6,429.6,15.76,20.9,12.0,134.9,48.3,68.91,34.86,1335.95,117.26
87.8,146.3,37.58,68.55,249.6,430.6,15.44,20.55,11.94,135.0,47.91,67.09,34.78,1326.59,116.73
87.56,145.22,36.86,67.0,252.4,421.2,15.54,20.45,11.96,135.1,47.74,65.6,34.43,1313.0,115.18
89.5,151.19,38.05,69.5,254.8,423.0,15.7,20.65,12.1,138.8,49.1,67.23,34.69,1346.21,119.29
89.1,151.42,40.5,69.7,265.2,430.0,15.78,20.45,12.22,135.7,48.75,69.18,37.17,1346.11,120.5
87.83,150.85,40.11,70.76,265.8,440.0,16.52,21.2,12.4,133.7,47.89,67.7,37.08,1351.0,120.11
87.63,151.68,40.72,70.76,271.0,433.4,16.26,20.85,12.08,133.0,48.88,67.38,36.77,1366.1,121.95
84.08,144.25,41.16,67.8,259.0,412.4,15.3,20.35,11.4,125.5,47.87,65.5,35.55,1328.2,117.9
84.78,147.03,41.18,66.51,275.0,416.6,15.48,20.2,11.5,126.5,48.71,66.45,36.16,1362.9,121.95
85.35,147.81,42.01,67.48,272.4,425.4,15.88,20.65,11.96,129.0,50.02,68.96,37.43,1358.0,122.88
84.16,146.16,41.78,68.7,272.8,420.0,16.94,20.65,11.94,124.5,49.29,68.38,37.64,1338.0,122.22
84.0,146.16,40.0,67.27,269.6,408.2,15.2,21.0,11.36,121.0,37.65,68.5,37.66,1344.0,124.5
85.3,148.2,41.18,67.7,270.2,410.4,15.18,21.6,12.2,121.8,39.16,72.39,38.5,1366.6,128.11
89.22,158.59,41.5,67.94,282.8,429.0,15.66,21.45,13.02,127.1,40.33,74.54,39.05,1419.5,131.85
88.11,158.77,40.26,66.89,288.0,430.4,16.38,22.05,13.06,129.3,39.3,74.1,38.48,1410.71,129.93
87.48,158.24,40.08,66.54,292.4,432.6,16.06,22.15,13.28,132.2,39.15,73.63,39.92,1399.3,129.97
89.08,158.85,41.3,66.7,292.0,435.0,16.02,22.15,13.5,132.5,40.02,72.13,41.41,1407.99,133.18
93.59,160.09,41.13,67.5,294.2,434.2,16.06,22.65,13.7,131.1,40.5,74.28,41.7,1425.0,134.6
95.03,160.61,40.25,67.83,292.8,430.0,15.76,22.85,13.8,125.0,39.98,74.3,40.68,1406.1,135.37
95.79,162.61,40.6,68.93,290.8,433.8,15.9,23.2,13.68,125.7,40.59,75.93,41.01,1416.55,134.99
95.95,162.54,41.32,69.42,296.4,446.2,16.02,23.4,13.92,128.0,41.8,75.71,41.5,1423.66,135.14
94.9,160.07,40.7,68.13,294.4,442.4,15.62,22.85,13.86,128.2,41.42,75.88,41.16,1400.46,133.98
95.0,161.5,41.27,67.98,296.2,441.0,15.44,22.8,13.76,129.0,41.96,75.0,41.84,1416.37,135.3
